,step,name,type,value,0
0,,,,,0
1,,,,,Episode count
2,,,,,parameter
3,,,,,3
4,,,,,0
5,,,,,Steps per episode
6,,,,,parameter
7,,,,,320
8,,,,,0
9,,,,,theta
10,,,,,parameter
11,,,,,0.7
12,,,,,0
13,,,,,sigma
14,,,,,parameter
15,,,,,4
16,,,,,0
17,,,,,Step time
18,,,,,parameter
19,,,,,0.1
20,,,,,301
21,,,,,Round reward
22,,,,,metric
23,,,,,0.39167481660842896
24,,,,,301
25,,,,,Per-ep reward
26,,,,,metric
27,,,,,133.0681643486023
28,,,,,301
29,,,,,Megabytes sent
30,,,,,metric
31,,,,,2.93756103515625
32,,,,,301
33,,,,,Round megabytes sent
34,,,,,metric
35,,,,,2.937561
36,,,,,301
37,,,,,Chosen CW
38,,,,,metric
39,,,,,16.0
40,,,,,301
41,,,,,Station count
42,,,,,metric
43,,,,,5.0
44,,,,,301
45,,,,,Current throughput
46,,,,,metric
47,,,,,29.37561
48,,,,,301
49,,,,,Fairness index
50,,,,,metric
51,,,,,0.999408
52,,,,,301
53,,,,,Observation 0
54,,,,,metric
55,,,,,0.5691072044769923
56,,,,,301
57,,,,,actor_loss
58,,,,,metric
59,,,,,0
60,,,,,301
61,,,,,critic_loss
62,,,,,metric
63,,,,,0
64,,,,,301
65,,,,,Observation 1
66,,,,,metric
67,,,,,0.03974682933439921
68,,,,,301
69,,,,,actor_loss
70,,,,,metric
71,,,,,0
72,,,,,301
73,,,,,critic_loss
74,,,,,metric
75,,,,,0
76,,,,,302
77,,,,,Round reward
78,,,,,metric
79,,,,,0.402099609375
80,,,,,302
81,,,,,Per-ep reward
82,,,,,metric
83,,,,,133.4702639579773
84,,,,,302
85,,,,,Megabytes sent
86,,,,,metric
87,,,,,5.95330810546875
88,,,,,302
89,,,,,Round megabytes sent
90,,,,,metric
91,,,,,3.015747
92,,,,,302
93,,,,,Chosen CW
94,,,,,metric
95,,,,,16.0
96,,,,,302
97,,,,,Station count
98,,,,,metric
99,,,,,5.0
100,,,,,302
101,,,,,Current throughput
102,,,,,metric
103,,,,,29.76654
104,,,,,302
105,,,,,Fairness index
106,,,,,metric
107,,,,,0.999415
108,,,,,302
109,,,,,Observation 0
110,,,,,metric
111,,,,,0.5690375483036041
112,,,,,302
113,,,,,actor_loss
114,,,,,metric
115,,,,,0
116,,,,,302
117,,,,,critic_loss
118,,,,,metric
119,,,,,0
120,,,,,302
121,,,,,Observation 1
122,,,,,metric
123,,,,,0.03996904753596232
124,,,,,302
125,,,,,actor_loss
126,,,,,metric
127,,,,,0
128,,,,,302
129,,,,,critic_loss
130,,,,,metric
131,,,,,0
132,,,,,303
133,,,,,Round reward
134,,,,,metric
135,,,,,0.3797607421875
136,,,,,303
137,,,,,Per-ep reward
138,,,,,metric
139,,,,,133.8500247001648
140,,,,,303
141,,,,,Megabytes sent
142,,,,,metric
143,,,,,8.801514148712158
144,,,,,303
145,,,,,Round megabytes sent
146,,,,,metric
147,,,,,2.848206
148,,,,,303
149,,,,,Chosen CW
150,,,,,metric
151,,,,,16.0
152,,,,,303
153,,,,,Station count
154,,,,,metric
155,,,,,5.0
156,,,,,303
157,,,,,Current throughput
158,,,,,metric
159,,,,,29.338379
160,,,,,303
161,,,,,Fairness index
162,,,,,metric
163,,,,,0.999404
164,,,,,303
165,,,,,Observation 0
166,,,,,metric
167,,,,,0.5694046212236087
168,,,,,303
169,,,,,actor_loss
170,,,,,metric
171,,,,,0
172,,,,,303
173,,,,,critic_loss
174,,,,,metric
175,,,,,0
176,,,,,303
177,,,,,Observation 1
178,,,,,metric
179,,,,,0.040221793983956325
180,,,,,303
181,,,,,actor_loss
182,,,,,metric
183,,,,,0
184,,,,,303
185,,,,,critic_loss
186,,,,,metric
187,,,,,0
188,,,,,304
189,,,,,Round reward
190,,,,,metric
191,,,,,0.2621093690395355
192,,,,,304
193,,,,,Per-ep reward
194,,,,,metric
195,,,,,134.11213406920433
196,,,,,304
197,,,,,Megabytes sent
198,,,,,metric
199,,,,,10.76733410358429
200,,,,,304
201,,,,,Round megabytes sent
202,,,,,metric
203,,,,,1.96582
204,,,,,304
205,,,,,Chosen CW
206,,,,,metric
207,,,,,433.0
208,,,,,304
209,,,,,Station count
210,,,,,metric
211,,,,,5.0
212,,,,,304
213,,,,,Current throughput
214,,,,,metric
215,,,,,26.918335
216,,,,,304
217,,,,,Fairness index
218,,,,,metric
219,,,,,0.999405
220,,,,,304
221,,,,,Observation 0
222,,,,,metric
223,,,,,0.5695002134641012
224,,,,,304
225,,,,,actor_loss
226,,,,,metric
227,,,,,0
228,,,,,304
229,,,,,critic_loss
230,,,,,metric
231,,,,,0
232,,,,,304
233,,,,,Observation 1
234,,,,,metric
235,,,,,0.04048753600392507
236,,,,,304
237,,,,,actor_loss
238,,,,,metric
239,,,,,0
240,,,,,304
241,,,,,critic_loss
242,,,,,metric
243,,,,,0
244,,,,,305
245,,,,,Round reward
246,,,,,metric
247,,,,,0.3365722596645355
248,,,,,305
249,,,,,Per-ep reward
250,,,,,metric
251,,,,,134.44870632886887
252,,,,,305
253,,,,,Megabytes sent
254,,,,,metric
255,,,,,13.29162609577179
256,,,,,305
257,,,,,Round megabytes sent
258,,,,,metric
259,,,,,2.524292
260,,,,,305
261,,,,,Chosen CW
262,,,,,metric
263,,,,,16.0
264,,,,,305
265,,,,,Station count
266,,,,,metric
267,,,,,5.0
268,,,,,305
269,,,,,Current throughput
270,,,,,metric
271,,,,,26.583252
272,,,,,305
273,,,,,Fairness index
274,,,,,metric
275,,,,,0.999417
276,,,,,305
277,,,,,Observation 0
278,,,,,metric
279,,,,,0.5694029290477435
280,,,,,305
281,,,,,actor_loss
282,,,,,metric
283,,,,,0
284,,,,,305
285,,,,,critic_loss
286,,,,,metric
287,,,,,0
288,,,,,305
289,,,,,Observation 1
290,,,,,metric
291,,,,,0.04040722002897533
292,,,,,305
293,,,,,actor_loss
294,,,,,metric
295,,,,,0
296,,,,,305
297,,,,,critic_loss
298,,,,,metric
299,,,,,0
300,,,,,306
301,,,,,Round reward
302,,,,,metric
303,,,,,0.30231934785842896
304,,,,,306
305,,,,,Per-ep reward
306,,,,,metric
307,,,,,134.7510256767273
308,,,,,306
309,,,,,Megabytes sent
310,,,,,metric
311,,,,,15.55902111530304
312,,,,,306
313,,,,,Round megabytes sent
314,,,,,metric
315,,,,,2.267395
316,,,,,306
317,,,,,Chosen CW
318,,,,,metric
319,,,,,16.0
320,,,,,306
321,,,,,Station count
322,,,,,metric
323,,,,,5.0
324,,,,,306
325,,,,,Current throughput
326,,,,,metric
327,,,,,25.931702
328,,,,,306
329,,,,,Fairness index
330,,,,,metric
331,,,,,0.999437
332,,,,,306
333,,,,,Observation 0
334,,,,,metric
335,,,,,0.5699942430853844
336,,,,,306
337,,,,,actor_loss
338,,,,,metric
339,,,,,0
340,,,,,306
341,,,,,critic_loss
342,,,,,metric
343,,,,,0
344,,,,,306
345,,,,,Observation 1
346,,,,,metric
347,,,,,0.04064713475875255
348,,,,,306
349,,,,,actor_loss
350,,,,,metric
351,,,,,0
352,,,,,306
353,,,,,critic_loss
354,,,,,metric
355,,,,,0
356,,,,,307
357,,,,,Round reward
358,,,,,metric
359,,,,,0.32763671875
360,,,,,307
361,,,,,Per-ep reward
362,,,,,metric
363,,,,,135.0786623954773
364,,,,,307
365,,,,,Megabytes sent
366,,,,,metric
367,,,,,18.01629602909088
368,,,,,307
369,,,,,Round megabytes sent
370,,,,,metric
371,,,,,2.457275
372,,,,,307
373,,,,,Chosen CW
374,,,,,metric
375,,,,,16.0
376,,,,,307
377,,,,,Station count
378,,,,,metric
379,,,,,5.0
380,,,,,307
381,,,,,Current throughput
382,,,,,metric
383,,,,,25.737566
384,,,,,307
385,,,,,Fairness index
386,,,,,metric
387,,,,,0.999448
388,,,,,307
389,,,,,Observation 0
390,,,,,metric
391,,,,,0.5701308922966322
392,,,,,307
393,,,,,actor_loss
394,,,,,metric
395,,,,,0
396,,,,,307
397,,,,,critic_loss
398,,,,,metric
399,,,,,0
400,,,,,307
401,,,,,Observation 1
402,,,,,metric
403,,,,,0.041150401998744326
404,,,,,307
405,,,,,actor_loss
406,,,,,metric
407,,,,,0
408,,,,,307
409,,,,,critic_loss
410,,,,,metric
411,,,,,0
412,,,,,308
413,,,,,Round reward
414,,,,,metric
415,,,,,0.09382323920726776
416,,,,,308
417,,,,,Per-ep reward
418,,,,,metric
419,,,,,135.17248563468456
420,,,,,308
421,,,,,Megabytes sent
422,,,,,metric
423,,,,,18.719970047473907
424,,,,,308
425,,,,,Round megabytes sent
426,,,,,metric
427,,,,,0.703674
428,,,,,308
429,,,,,Chosen CW
430,,,,,metric
431,,,,,1024.0
432,,,,,308
433,,,,,Station count
434,,,,,metric
435,,,,,5.0
436,,,,,308
437,,,,,Current throughput
438,,,,,metric
439,,,,,23.399963
440,,,,,308
441,,,,,Fairness index
442,,,,,metric
443,,,,,0.999449
444,,,,,308
445,,,,,Observation 0
446,,,,,metric
447,,,,,0.5702458486954372
448,,,,,308
449,,,,,actor_loss
450,,,,,metric
451,,,,,0
452,,,,,308
453,,,,,critic_loss
454,,,,,metric
455,,,,,0
456,,,,,308
457,,,,,Observation 1
458,,,,,metric
459,,,,,0.041525394367817416
460,,,,,308
461,,,,,actor_loss
462,,,,,metric
463,,,,,0
464,,,,,308
465,,,,,critic_loss
466,,,,,metric
467,,,,,0
468,,,,,309
469,,,,,Round reward
470,,,,,metric
471,,,,,0.3142333924770355
472,,,,,309
473,,,,,Per-ep reward
474,,,,,metric
475,,,,,135.4867190271616
476,,,,,309
477,,,,,Megabytes sent
478,,,,,metric
479,,,,,21.076720058918
480,,,,,309
481,,,,,Round megabytes sent
482,,,,,metric
483,,,,,2.35675
484,,,,,309
485,,,,,Chosen CW
486,,,,,metric
487,,,,,22.0
488,,,,,309
489,,,,,Station count
490,,,,,metric
491,,,,,6.0
492,,,,,309
493,,,,,Current throughput
494,,,,,metric
495,,,,,23.41858
496,,,,,309
497,,,,,Fairness index
498,,,,,metric
499,,,,,0.289363
500,,,,,309
501,,,,,Observation 0
502,,,,,metric
503,,,,,0.5706410153706869
504,,,,,309
505,,,,,actor_loss
506,,,,,metric
507,,,,,0
508,,,,,309
509,,,,,critic_loss
510,,,,,metric
511,,,,,0
512,,,,,309
513,,,,,Observation 1
514,,,,,metric
515,,,,,0.04178636484131225
516,,,,,309
517,,,,,actor_loss
518,,,,,metric
519,,,,,0
520,,,,,309
521,,,,,critic_loss
522,,,,,metric
523,,,,,0
524,,,,,310
525,,,,,Round reward
526,,,,,metric
527,,,,,0.31572264432907104
528,,,,,310
529,,,,,Per-ep reward
530,,,,,metric
531,,,,,135.80244167149067
532,,,,,310
533,,,,,Megabytes sent
534,,,,,metric
535,,,,,23.444639980793
536,,,,,310
537,,,,,Round megabytes sent
538,,,,,metric
539,,,,,2.36792
540,,,,,310
541,,,,,Chosen CW
542,,,,,metric
543,,,,,122.0
544,,,,,310
545,,,,,Station count
546,,,,,metric
547,,,,,6.0
548,,,,,310
549,,,,,Current throughput
550,,,,,metric
551,,,,,23.444641
552,,,,,310
553,,,,,Fairness index
554,,,,,metric
555,,,,,0.513917
556,,,,,310
557,,,,,Observation 0
558,,,,,metric
559,,,,,0.5711039594809215
560,,,,,310
561,,,,,actor_loss
562,,,,,metric
563,,,,,0
564,,,,,310
565,,,,,critic_loss
566,,,,,metric
567,,,,,0
568,,,,,310
569,,,,,Observation 1
570,,,,,metric
571,,,,,0.04223129842927779
572,,,,,310
573,,,,,actor_loss
574,,,,,metric
575,,,,,0
576,,,,,310
577,,,,,critic_loss
578,,,,,metric
579,,,,,0
580,,,,,311
581,,,,,Round reward
582,,,,,metric
583,,,,,0.12211914360523224
584,,,,,311
585,,,,,Per-ep reward
586,,,,,metric
587,,,,,135.9245608150959
588,,,,,311
589,,,,,Megabytes sent
590,,,,,metric
591,,,,,24.360533952713013
592,,,,,311
593,,,,,Round megabytes sent
594,,,,,metric
595,,,,,0.915894
596,,,,,311
597,,,,,Chosen CW
598,,,,,metric
599,,,,,1001.0
600,,,,,311
601,,,,,Station count
602,,,,,metric
603,,,,,6.0
604,,,,,311
605,,,,,Current throughput
606,,,,,metric
607,,,,,22.14594
608,,,,,311
609,,,,,Fairness index
610,,,,,metric
611,,,,,0.696577
612,,,,,311
613,,,,,Observation 0
614,,,,,metric
615,,,,,0.5708451448877652
616,,,,,311
617,,,,,actor_loss
618,,,,,metric
619,,,,,0
620,,,,,311
621,,,,,critic_loss
622,,,,,metric
623,,,,,0
624,,,,,311
625,,,,,Observation 1
626,,,,,metric
627,,,,,0.0424085967062689
628,,,,,311
629,,,,,actor_loss
630,,,,,metric
631,,,,,0
632,,,,,311
633,,,,,critic_loss
634,,,,,metric
635,,,,,0
636,,,,,312
637,,,,,Round reward
638,,,,,metric
639,,,,,0.8176025152206421
640,,,,,312
641,,,,,Per-ep reward
642,,,,,metric
643,,,,,136.74216333031654
644,,,,,312
645,,,,,Megabytes sent
646,,,,,metric
647,,,,,30.492552995681763
648,,,,,312
649,,,,,Round megabytes sent
650,,,,,metric
651,,,,,6.132019
652,,,,,312
653,,,,,Chosen CW
654,,,,,metric
655,,,,,16.0
656,,,,,312
657,,,,,Station count
658,,,,,metric
659,,,,,6.0
660,,,,,312
661,,,,,Current throughput
662,,,,,metric
663,,,,,25.410461
664,,,,,312
665,,,,,Fairness index
666,,,,,metric
667,,,,,0.800798
668,,,,,312
669,,,,,Observation 0
670,,,,,metric
671,,,,,0.5711808293064435
672,,,,,312
673,,,,,actor_loss
674,,,,,metric
675,,,,,0
676,,,,,312
677,,,,,critic_loss
678,,,,,metric
679,,,,,0
680,,,,,312
681,,,,,Observation 1
682,,,,,metric
683,,,,,0.042553758176261475
684,,,,,312
685,,,,,actor_loss
686,,,,,metric
687,,,,,0
688,,,,,312
689,,,,,critic_loss
690,,,,,metric
691,,,,,0
692,,,,,313
693,,,,,Round reward
694,,,,,metric
695,,,,,0.3484863340854645
696,,,,,313
697,,,,,Per-ep reward
698,,,,,metric
699,,,,,137.090649664402
700,,,,,313
701,,,,,Megabytes sent
702,,,,,metric
703,,,,,33.106199979782104
704,,,,,313
705,,,,,Round megabytes sent
706,,,,,metric
707,,,,,2.613647
708,,,,,313
709,,,,,Chosen CW
710,,,,,metric
711,,,,,132.0
712,,,,,313
713,,,,,Station count
714,,,,,metric
715,,,,,6.0
716,,,,,313
717,,,,,Current throughput
718,,,,,metric
719,,,,,25.466309
720,,,,,313
721,,,,,Fairness index
722,,,,,metric
723,,,,,0.863914
724,,,,,313
725,,,,,Observation 0
726,,,,,metric
727,,,,,0.5711739135285219
728,,,,,313
729,,,,,actor_loss
730,,,,,metric
731,,,,,0
732,,,,,313
733,,,,,critic_loss
734,,,,,metric
735,,,,,0
736,,,,,313
737,,,,,Observation 1
738,,,,,metric
739,,,,,0.04317448648978665
740,,,,,313
741,,,,,actor_loss
742,,,,,metric
743,,,,,0
744,,,,,313
745,,,,,critic_loss
746,,,,,metric
747,,,,,0
748,,,,,314
749,,,,,Round reward
750,,,,,metric
751,,,,,0.1787109375
752,,,,,314
753,,,,,Per-ep reward
754,,,,,metric
755,,,,,137.269360601902
756,,,,,314
757,,,,,Megabytes sent
758,,,,,metric
759,,,,,34.446532011032104
760,,,,,314
761,,,,,Round megabytes sent
762,,,,,metric
763,,,,,1.340332
764,,,,,314
765,,,,,Chosen CW
766,,,,,metric
767,,,,,687.0
768,,,,,314
769,,,,,Station count
770,,,,,metric
771,,,,,6.0
772,,,,,314
773,,,,,Current throughput
774,,,,,metric
775,,,,,24.604666
776,,,,,314
777,,,,,Fairness index
778,,,,,metric
779,,,,,0.913794
780,,,,,314
781,,,,,Observation 0
782,,,,,metric
783,,,,,0.5710640352467695
784,,,,,314
785,,,,,actor_loss
786,,,,,metric
787,,,,,0
788,,,,,314
789,,,,,critic_loss
790,,,,,metric
791,,,,,0
792,,,,,314
793,,,,,Observation 1
794,,,,,metric
795,,,,,0.043225675551845796
796,,,,,314
797,,,,,actor_loss
798,,,,,metric
799,,,,,0
800,,,,,314
801,,,,,critic_loss
802,,,,,metric
803,,,,,0
804,,,,,315
805,,,,,Round reward
806,,,,,metric
807,,,,,0.4229492247104645
808,,,,,315
809,,,,,Per-ep reward
810,,,,,metric
811,,,,,137.69230982661247
812,,,,,315
813,,,,,Megabytes sent
814,,,,,metric
815,,,,,37.618650913238525
816,,,,,315
817,,,,,Round megabytes sent
818,,,,,metric
819,,,,,3.172119
820,,,,,315
821,,,,,Chosen CW
822,,,,,metric
823,,,,,23.0
824,,,,,315
825,,,,,Station count
826,,,,,metric
827,,,,,6.0
828,,,,,315
829,,,,,Current throughput
830,,,,,metric
831,,,,,25.079102
832,,,,,315
833,,,,,Fairness index
834,,,,,metric
835,,,,,0.93107
836,,,,,315
837,,,,,Observation 0
838,,,,,metric
839,,,,,0.57130634739995
840,,,,,315
841,,,,,actor_loss
842,,,,,metric
843,,,,,0
844,,,,,315
845,,,,,critic_loss
846,,,,,metric
847,,,,,0
848,,,,,315
849,,,,,Observation 1
850,,,,,metric
851,,,,,0.043187074811154136
852,,,,,315
853,,,,,actor_loss
854,,,,,metric
855,,,,,0
856,,,,,315
857,,,,,critic_loss
858,,,,,metric
859,,,,,0
860,,,,,316
861,,,,,Round reward
862,,,,,metric
863,,,,,0.13552245497703552
864,,,,,316
865,,,,,Per-ep reward
866,,,,,metric
867,,,,,137.8278322815895
868,,,,,316
869,,,,,Megabytes sent
870,,,,,metric
871,,,,,38.63506889343262
872,,,,,316
873,,,,,Round megabytes sent
874,,,,,metric
875,,,,,1.016418
876,,,,,316
877,,,,,Chosen CW
878,,,,,metric
879,,,,,1024.0
880,,,,,316
881,,,,,Station count
882,,,,,metric
883,,,,,6.0
884,,,,,316
885,,,,,Current throughput
886,,,,,metric
887,,,,,24.146917
888,,,,,316
889,,,,,Fairness index
890,,,,,metric
891,,,,,0.956338
892,,,,,316
893,,,,,Observation 0
894,,,,,metric
895,,,,,0.5712813966969649
896,,,,,316
897,,,,,actor_loss
898,,,,,metric
899,,,,,0
900,,,,,316
901,,,,,critic_loss
902,,,,,metric
903,,,,,0
904,,,,,316
905,,,,,Observation 1
906,,,,,metric
907,,,,,0.04321745805235552
908,,,,,316
909,,,,,actor_loss
910,,,,,metric
911,,,,,0
912,,,,,316
913,,,,,critic_loss
914,,,,,metric
915,,,,,0
916,,,,,317
917,,,,,Round reward
918,,,,,metric
919,,,,,0.43486326932907104
920,,,,,317
921,,,,,Per-ep reward
922,,,,,metric
923,,,,,138.26269555091858
924,,,,,317
925,,,,,Megabytes sent
926,,,,,metric
927,,,,,41.896543979644775
928,,,,,317
929,,,,,Round megabytes sent
930,,,,,metric
931,,,,,3.261475
932,,,,,317
933,,,,,Chosen CW
934,,,,,metric
935,,,,,26.0
936,,,,,317
937,,,,,Station count
938,,,,,metric
939,,,,,6.0
940,,,,,317
941,,,,,Current throughput
942,,,,,metric
943,,,,,24.645025
944,,,,,317
945,,,,,Fairness index
946,,,,,metric
947,,,,,0.963123
948,,,,,317
949,,,,,Observation 0
950,,,,,metric
951,,,,,0.5715770748754342
952,,,,,317
953,,,,,actor_loss
954,,,,,metric
955,,,,,0
956,,,,,317
957,,,,,critic_loss
958,,,,,metric
959,,,,,0
960,,,,,317
961,,,,,Observation 1
962,,,,,metric
963,,,,,0.04309212360406296
964,,,,,317
965,,,,,actor_loss
966,,,,,metric
967,,,,,0
968,,,,,317
969,,,,,critic_loss
970,,,,,metric
971,,,,,0
972,,,,,318
973,,,,,Round reward
974,,,,,metric
975,,,,,0.3946533203125
976,,,,,318
977,,,,,Per-ep reward
978,,,,,metric
979,,,,,138.65734887123108
980,,,,,318
981,,,,,Megabytes sent
982,,,,,metric
983,,,,,44.856443881988525
984,,,,,318
985,,,,,Round megabytes sent
986,,,,,metric
987,,,,,2.9599
988,,,,,318
989,,,,,Chosen CW
990,,,,,metric
991,,,,,16.0
992,,,,,318
993,,,,,Station count
994,,,,,metric
995,,,,,6.0
996,,,,,318
997,,,,,Current throughput
998,,,,,metric
999,,,,,24.920246
1000,,,,,318
1001,,,,,Fairness index
1002,,,,,metric
1003,,,,,0.969494
1004,,,,,318
1005,,,,,Observation 0
1006,,,,,metric
1007,,,,,0.5718209513525169
1008,,,,,318
1009,,,,,actor_loss
1010,,,,,metric
1011,,,,,0
1012,,,,,318
1013,,,,,critic_loss
1014,,,,,metric
1015,,,,,0
1016,,,,,318
1017,,,,,Observation 1
1018,,,,,metric
1019,,,,,0.04314575388295421
1020,,,,,318
1021,,,,,actor_loss
1022,,,,,metric
1023,,,,,0
1024,,,,,318
1025,,,,,critic_loss
1026,,,,,metric
1027,,,,,0
1028,,,,,319
1029,,,,,Round reward
1030,,,,,metric
1031,,,,,0.39167481660842896
1032,,,,,319
1033,,,,,Per-ep reward
1034,,,,,metric
1035,,,,,139.0490236878395
1036,,,,,319
1037,,,,,Megabytes sent
1038,,,,,metric
1039,,,,,47.794004917144775
1040,,,,,319
1041,,,,,Round megabytes sent
1042,,,,,metric
1043,,,,,2.937561
1044,,,,,319
1045,,,,,Chosen CW
1046,,,,,metric
1047,,,,,16.0
1048,,,,,319
1049,,,,,Station count
1050,,,,,metric
1051,,,,,6.0
1052,,,,,319
1053,,,,,Current throughput
1054,,,,,metric
1055,,,,,25.15474
1056,,,,,319
1057,,,,,Fairness index
1058,,,,,metric
1059,,,,,0.974786
1060,,,,,319
1061,,,,,Observation 0
1062,,,,,metric
1063,,,,,0.5718031008541584
1064,,,,,319
1065,,,,,actor_loss
1066,,,,,metric
1067,,,,,0
1068,,,,,319
1069,,,,,critic_loss
1070,,,,,metric
1071,,,,,0
1072,,,,,319
1073,,,,,Observation 1
1074,,,,,metric
1075,,,,,0.043230034132327344
1076,,,,,319
1077,,,,,actor_loss
1078,,,,,metric
1079,,,,,0
1080,,,,,319
1081,,,,,critic_loss
1082,,,,,metric
1083,,,,,0
1084,,,,,0
1085,,,,,Cumulative reward
1086,,,,,metric
1087,,,,,139.0490236878395
1088,,,,,0
1089,,,,,Speed
1090,,,,,metric
1091,,,,,23.897002458572388
1092,,,,,621
1093,,,,,Round reward
1094,,,,,metric
1095,,,,,0.516772449016571
1096,,,,,621
1097,,,,,Per-ep reward
1098,,,,,metric
1099,,,,,137.43168970942497
1100,,,,,621
1101,,,,,Megabytes sent
1102,,,,,metric
1103,,,,,3.875792980194092
1104,,,,,621
1105,,,,,Round megabytes sent
1106,,,,,metric
1107,,,,,3.875793
1108,,,,,621
1109,,,,,Chosen CW
1110,,,,,metric
1111,,,,,37.0
1112,,,,,621
1113,,,,,Station count
1114,,,,,metric
1115,,,,,5.0
1116,,,,,621
1117,,,,,Current throughput
1118,,,,,metric
1119,,,,,38.75793
1120,,,,,621
1121,,,,,Fairness index
1122,,,,,metric
1123,,,,,0.999855
1124,,,,,621
1125,,,,,Observation 0
1126,,,,,metric
1127,,,,,0.5717977540691694
1128,,,,,621
1129,,,,,actor_loss
1130,,,,,metric
1131,,,,,0
1132,,,,,621
1133,,,,,critic_loss
1134,,,,,metric
1135,,,,,0
1136,,,,,621
1137,,,,,Observation 1
1138,,,,,metric
1139,,,,,0.08388769949079403
1140,,,,,621
1141,,,,,actor_loss
1142,,,,,metric
1143,,,,,0
1144,,,,,621
1145,,,,,critic_loss
1146,,,,,metric
1147,,,,,0
1148,,,,,622
1149,,,,,Round reward
1150,,,,,metric
1151,,,,,0.4854980409145355
1152,,,,,622
1153,,,,,Per-ep reward
1154,,,,,metric
1155,,,,,137.9171877503395
1156,,,,,622
1157,,,,,Megabytes sent
1158,,,,,metric
1159,,,,,7.517028093338013
1160,,,,,622
1161,,,,,Round megabytes sent
1162,,,,,metric
1163,,,,,3.641235
1164,,,,,622
1165,,,,,Chosen CW
1166,,,,,metric
1167,,,,,70.0
1168,,,,,622
1169,,,,,Station count
1170,,,,,metric
1171,,,,,5.0
1172,,,,,622
1173,,,,,Current throughput
1174,,,,,metric
1175,,,,,37.58514
1176,,,,,622
1177,,,,,Fairness index
1178,,,,,metric
1179,,,,,0.999859
1180,,,,,622
1181,,,,,Observation 0
1182,,,,,metric
1183,,,,,0.5714793891708057
1184,,,,,622
1185,,,,,actor_loss
1186,,,,,metric
1187,,,,,0
1188,,,,,622
1189,,,,,critic_loss
1190,,,,,metric
1191,,,,,0
1192,,,,,622
1193,,,,,Observation 1
1194,,,,,metric
1195,,,,,0.08385981573588934
1196,,,,,622
1197,,,,,actor_loss
1198,,,,,metric
1199,,,,,0
1200,,,,,622
1201,,,,,critic_loss
1202,,,,,metric
1203,,,,,0
1204,,,,,623
1205,,,,,Round reward
1206,,,,,metric
1207,,,,,0.510815441608429
1208,,,,,623
1209,,,,,Per-ep reward
1210,,,,,metric
1211,,,,,138.42800319194794
1212,,,,,623
1213,,,,,Megabytes sent
1214,,,,,metric
1215,,,,,11.348144054412842
1216,,,,,623
1217,,,,,Round megabytes sent
1218,,,,,metric
1219,,,,,3.831116
1220,,,,,623
1221,,,,,Chosen CW
1222,,,,,metric
1223,,,,,33.0
1224,,,,,623
1225,,,,,Station count
1226,,,,,metric
1227,,,,,5.0
1228,,,,,623
1229,,,,,Current throughput
1230,,,,,metric
1231,,,,,37.827145
1232,,,,,623
1233,,,,,Fairness index
1234,,,,,metric
1235,,,,,0.99986
1236,,,,,623
1237,,,,,Observation 0
1238,,,,,metric
1239,,,,,0.5717330672343572
1240,,,,,623
1241,,,,,actor_loss
1242,,,,,metric
1243,,,,,0
1244,,,,,623
1245,,,,,critic_loss
1246,,,,,metric
1247,,,,,0
1248,,,,,623
1249,,,,,Observation 1
1250,,,,,metric
1251,,,,,0.08376797442827745
1252,,,,,623
1253,,,,,actor_loss
1254,,,,,metric
1255,,,,,0
1256,,,,,623
1257,,,,,critic_loss
1258,,,,,metric
1259,,,,,0
1260,,,,,624
1261,,,,,Round reward
1262,,,,,metric
1263,,,,,0.44677734375
1264,,,,,624
1265,,,,,Per-ep reward
1266,,,,,metric
1267,,,,,138.87478053569794
1268,,,,,624
1269,,,,,Megabytes sent
1270,,,,,metric
1271,,,,,14.698974132537842
1272,,,,,624
1273,,,,,Round megabytes sent
1274,,,,,metric
1275,,,,,3.35083
1276,,,,,624
1277,,,,,Chosen CW
1278,,,,,metric
1279,,,,,16.0
1280,,,,,624
1281,,,,,Station count
1282,,,,,metric
1283,,,,,5.0
1284,,,,,624
1285,,,,,Current throughput
1286,,,,,metric
1287,,,,,36.747437
1288,,,,,624
1289,,,,,Fairness index
1290,,,,,metric
1291,,,,,0.999859
1292,,,,,624
1293,,,,,Observation 0
1294,,,,,metric
1295,,,,,0.5716846023996671
1296,,,,,624
1297,,,,,actor_loss
1298,,,,,metric
1299,,,,,0
1300,,,,,624
1301,,,,,critic_loss
1302,,,,,metric
1303,,,,,0
1304,,,,,624
1305,,,,,Observation 1
1306,,,,,metric
1307,,,,,0.08387610679267096
1308,,,,,624
1309,,,,,actor_loss
1310,,,,,metric
1311,,,,,0
1312,,,,,624
1313,,,,,critic_loss
1314,,,,,metric
1315,,,,,0
1316,,,,,625
1317,,,,,Round reward
1318,,,,,metric
1319,,,,,0.46613770723342896
1320,,,,,625
1321,,,,,Per-ep reward
1322,,,,,metric
1323,,,,,139.34091824293137
1324,,,,,625
1325,,,,,Megabytes sent
1326,,,,,metric
1327,,,,,18.19500708580017
1328,,,,,625
1329,,,,,Round megabytes sent
1330,,,,,metric
1331,,,,,3.496033
1332,,,,,625
1333,,,,,Chosen CW
1334,,,,,metric
1335,,,,,16.0
1336,,,,,625
1337,,,,,Station count
1338,,,,,metric
1339,,,,,5.0
1340,,,,,625
1341,,,,,Current throughput
1342,,,,,metric
1343,,,,,36.390015
1344,,,,,625
1345,,,,,Fairness index
1346,,,,,metric
1347,,,,,0.999858
1348,,,,,625
1349,,,,,Observation 0
1350,,,,,metric
1351,,,,,0.5721786086757978
1352,,,,,625
1353,,,,,actor_loss
1354,,,,,metric
1355,,,,,0
1356,,,,,625
1357,,,,,critic_loss
1358,,,,,metric
1359,,,,,0
1360,,,,,625
1361,,,,,Observation 1
1362,,,,,metric
1363,,,,,0.08999731529752
1364,,,,,625
1365,,,,,actor_loss
1366,,,,,metric
1367,,,,,0
1368,,,,,625
1369,,,,,critic_loss
1370,,,,,metric
1371,,,,,0
1372,,,,,626
1373,,,,,Round reward
1374,,,,,metric
1375,,,,,0.4378418028354645
1376,,,,,626
1377,,,,,Per-ep reward
1378,,,,,metric
1379,,,,,139.77876004576683
1380,,,,,626
1381,,,,,Megabytes sent
1382,,,,,metric
1383,,,,,21.478820085525513
1384,,,,,626
1385,,,,,Round megabytes sent
1386,,,,,metric
1387,,,,,3.283813
1388,,,,,626
1389,,,,,Chosen CW
1390,,,,,metric
1391,,,,,175.0
1392,,,,,626
1393,,,,,Station count
1394,,,,,metric
1395,,,,,5.0
1396,,,,,626
1397,,,,,Current throughput
1398,,,,,metric
1399,,,,,35.798035
1400,,,,,626
1401,,,,,Fairness index
1402,,,,,metric
1403,,,,,0.999855
1404,,,,,626
1405,,,,,Observation 0
1406,,,,,metric
1407,,,,,0.5723582474390666
1408,,,,,626
1409,,,,,actor_loss
1410,,,,,metric
1411,,,,,0
1412,,,,,626
1413,,,,,critic_loss
1414,,,,,metric
1415,,,,,0
1416,,,,,626
1417,,,,,Observation 1
1418,,,,,metric
1419,,,,,0.09005772257283334
1420,,,,,626
1421,,,,,actor_loss
1422,,,,,metric
1423,,,,,0
1424,,,,,626
1425,,,,,critic_loss
1426,,,,,metric
1427,,,,,0
1428,,,,,627
1429,,,,,Round reward
1430,,,,,metric
1431,,,,,0.4765625
1432,,,,,627
1433,,,,,Per-ep reward
1434,,,,,metric
1435,,,,,140.25532254576683
1436,,,,,627
1437,,,,,Megabytes sent
1438,,,,,metric
1439,,,,,25.053039073944092
1440,,,,,627
1441,,,,,Round megabytes sent
1442,,,,,metric
1443,,,,,3.574219
1444,,,,,627
1445,,,,,Chosen CW
1446,,,,,metric
1447,,,,,16.0
1448,,,,,627
1449,,,,,Station count
1450,,,,,metric
1451,,,,,5.0
1452,,,,,627
1453,,,,,Current throughput
1454,,,,,metric
1455,,,,,35.79006
1456,,,,,627
1457,,,,,Fairness index
1458,,,,,metric
1459,,,,,0.999859
1460,,,,,627
1461,,,,,Observation 0
1462,,,,,metric
1463,,,,,0.5721974517901738
1464,,,,,627
1465,,,,,actor_loss
1466,,,,,metric
1467,,,,,0
1468,,,,,627
1469,,,,,critic_loss
1470,,,,,metric
1471,,,,,0
1472,,,,,627
1473,,,,,Observation 1
1474,,,,,metric
1475,,,,,0.09007045264158357
1476,,,,,627
1477,,,,,actor_loss
1478,,,,,metric
1479,,,,,0
1480,,,,,627
1481,,,,,critic_loss
1482,,,,,metric
1483,,,,,0
1484,,,,,628
1485,,,,,Round reward
1486,,,,,metric
1487,,,,,0.47954100370407104
1488,,,,,628
1489,,,,,Per-ep reward
1490,,,,,metric
1491,,,,,140.7348635494709
1492,,,,,628
1493,,,,,Megabytes sent
1494,,,,,metric
1495,,,,,28.64959716796875
1496,,,,,628
1497,,,,,Round megabytes sent
1498,,,,,metric
1499,,,,,3.596558
1500,,,,,628
1501,,,,,Chosen CW
1502,,,,,metric
1503,,,,,16.0
1504,,,,,628
1505,,,,,Station count
1506,,,,,metric
1507,,,,,5.0
1508,,,,,628
1509,,,,,Current throughput
1510,,,,,metric
1511,,,,,35.811996
1512,,,,,628
1513,,,,,Fairness index
1514,,,,,metric
1515,,,,,0.999855
1516,,,,,628
1517,,,,,Observation 0
1518,,,,,metric
1519,,,,,0.5723590336243312
1520,,,,,628
1521,,,,,actor_loss
1522,,,,,metric
1523,,,,,0
1524,,,,,628
1525,,,,,critic_loss
1526,,,,,metric
1527,,,,,0
1528,,,,,628
1529,,,,,Observation 1
1530,,,,,metric
1531,,,,,0.09014366227097602
1532,,,,,628
1533,,,,,actor_loss
1534,,,,,metric
1535,,,,,0
1536,,,,,628
1537,,,,,critic_loss
1538,,,,,metric
1539,,,,,0
1540,,,,,629
1541,,,,,Round reward
1542,,,,,metric
1543,,,,,0.4765625
1544,,,,,629
1545,,,,,Per-ep reward
1546,,,,,metric
1547,,,,,141.2114260494709
1548,,,,,629
1549,,,,,Megabytes sent
1550,,,,,metric
1551,,,,,32.22381615638733
1552,,,,,629
1553,,,,,Round megabytes sent
1554,,,,,metric
1555,,,,,3.574219
1556,,,,,629
1557,,,,,Chosen CW
1558,,,,,metric
1559,,,,,16.0
1560,,,,,629
1561,,,,,Station count
1562,,,,,metric
1563,,,,,6.0
1564,,,,,629
1565,,,,,Current throughput
1566,,,,,metric
1567,,,,,35.80424
1568,,,,,629
1569,,,,,Fairness index
1570,,,,,metric
1571,,,,,0.273302
1572,,,,,629
1573,,,,,Observation 0
1574,,,,,metric
1575,,,,,0.5721436241269111
1576,,,,,629
1577,,,,,actor_loss
1578,,,,,metric
1579,,,,,0
1580,,,,,629
1581,,,,,critic_loss
1582,,,,,metric
1583,,,,,0
1584,,,,,629
1585,,,,,Observation 1
1586,,,,,metric
1587,,,,,0.0901694865220524
1588,,,,,629
1589,,,,,actor_loss
1590,,,,,metric
1591,,,,,0
1592,,,,,629
1593,,,,,critic_loss
1594,,,,,metric
1595,,,,,0
1596,,,,,630
1597,,,,,Round reward
1598,,,,,metric
1599,,,,,0.46613770723342896
1600,,,,,630
1601,,,,,Per-ep reward
1602,,,,,metric
1603,,,,,141.67756375670433
1604,,,,,630
1605,,,,,Megabytes sent
1606,,,,,metric
1607,,,,,35.71984910964966
1608,,,,,630
1609,,,,,Round megabytes sent
1610,,,,,metric
1611,,,,,3.496033
1612,,,,,630
1613,,,,,Chosen CW
1614,,,,,metric
1615,,,,,16.0
1616,,,,,630
1617,,,,,Station count
1618,,,,,metric
1619,,,,,6.0
1620,,,,,630
1621,,,,,Current throughput
1622,,,,,metric
1623,,,,,35.71985
1624,,,,,630
1625,,,,,Fairness index
1626,,,,,metric
1627,,,,,0.478987
1628,,,,,630
1629,,,,,Observation 0
1630,,,,,metric
1631,,,,,0.5720568150281906
1632,,,,,630
1633,,,,,actor_loss
1634,,,,,metric
1635,,,,,0
1636,,,,,630
1637,,,,,critic_loss
1638,,,,,metric
1639,,,,,0
1640,,,,,630
1641,,,,,Observation 1
1642,,,,,metric
1643,,,,,0.09037795246374832
1644,,,,,630
1645,,,,,actor_loss
1646,,,,,metric
1647,,,,,0
1648,,,,,630
1649,,,,,critic_loss
1650,,,,,metric
1651,,,,,0
1652,,,,,631
1653,,,,,Round reward
1654,,,,,metric
1655,,,,,0.4825195372104645
1656,,,,,631
1657,,,,,Per-ep reward
1658,,,,,metric
1659,,,,,142.1600832939148
1660,,,,,631
1661,,,,,Megabytes sent
1662,,,,,metric
1663,,,,,39.3387451171875
1664,,,,,631
1665,,,,,Round megabytes sent
1666,,,,,metric
1667,,,,,3.618896
1668,,,,,631
1669,,,,,Chosen CW
1670,,,,,metric
1671,,,,,67.0
1672,,,,,631
1673,,,,,Station count
1674,,,,,metric
1675,,,,,6.0
1676,,,,,631
1677,,,,,Current throughput
1678,,,,,metric
1679,,,,,35.762497
1680,,,,,631
1681,,,,,Fairness index
1682,,,,,metric
1683,,,,,0.632711
1684,,,,,631
1685,,,,,Observation 0
1686,,,,,metric
1687,,,,,0.5720486585299174
1688,,,,,631
1689,,,,,actor_loss
1690,,,,,metric
1691,,,,,0
1692,,,,,631
1693,,,,,critic_loss
1694,,,,,metric
1695,,,,,0
1696,,,,,631
1697,,,,,Observation 1
1698,,,,,metric
1699,,,,,0.09035932637618178
1700,,,,,631
1701,,,,,actor_loss
1702,,,,,metric
1703,,,,,0
1704,,,,,631
1705,,,,,critic_loss
1706,,,,,metric
1707,,,,,0
1708,,,,,632
1709,,,,,Round reward
1710,,,,,metric
1711,,,,,0.48698729276657104
1712,,,,,632
1713,,,,,Per-ep reward
1714,,,,,metric
1715,,,,,142.64707058668137
1716,,,,,632
1717,,,,,Megabytes sent
1718,,,,,metric
1719,,,,,42.99115014076233
1720,,,,,632
1721,,,,,Round megabytes sent
1722,,,,,metric
1723,,,,,3.652405
1724,,,,,632
1725,,,,,Chosen CW
1726,,,,,metric
1727,,,,,16.0
1728,,,,,632
1729,,,,,Station count
1730,,,,,metric
1731,,,,,6.0
1732,,,,,632
1733,,,,,Current throughput
1734,,,,,metric
1735,,,,,35.82596
1736,,,,,632
1737,,,,,Fairness index
1738,,,,,metric
1739,,,,,0.735799
1740,,,,,632
1741,,,,,Observation 0
1742,,,,,metric
1743,,,,,0.5719287793835004
1744,,,,,632
1745,,,,,actor_loss
1746,,,,,metric
1747,,,,,0
1748,,,,,632
1749,,,,,critic_loss
1750,,,,,metric
1751,,,,,0
1752,,,,,632
1753,,,,,Observation 1
1754,,,,,metric
1755,,,,,0.0904226006556764
1756,,,,,632
1757,,,,,actor_loss
1758,,,,,metric
1759,,,,,0
1760,,,,,632
1761,,,,,critic_loss
1762,,,,,metric
1763,,,,,0
1764,,,,,633
1765,,,,,Round reward
1766,,,,,metric
1767,,,,,0.49443358182907104
1768,,,,,633
1769,,,,,Per-ep reward
1770,,,,,metric
1771,,,,,143.14150416851044
1772,,,,,633
1773,,,,,Megabytes sent
1774,,,,,metric
1775,,,,,46.69940209388733
1776,,,,,633
1777,,,,,Round megabytes sent
1778,,,,,metric
1779,,,,,3.708252
1780,,,,,633
1781,,,,,Chosen CW
1782,,,,,metric
1783,,,,,31.0
1784,,,,,633
1785,,,,,Station count
1786,,,,,metric
1787,,,,,6.0
1788,,,,,633
1789,,,,,Current throughput
1790,,,,,metric
1791,,,,,35.922615
1792,,,,,633
1793,,,,,Fairness index
1794,,,,,metric
1795,,,,,0.804907
1796,,,,,633
1797,,,,,Observation 0
1798,,,,,metric
1799,,,,,0.5719338211417199
1800,,,,,633
1801,,,,,actor_loss
1802,,,,,metric
1803,,,,,0
1804,,,,,633
1805,,,,,critic_loss
1806,,,,,metric
1807,,,,,0
1808,,,,,633
1809,,,,,Observation 1
1810,,,,,metric
1811,,,,,0.09041589849398833
1812,,,,,633
1813,,,,,actor_loss
1814,,,,,metric
1815,,,,,0
1816,,,,,633
1817,,,,,critic_loss
1818,,,,,metric
1819,,,,,0
1820,,,,,634
1821,,,,,Round reward
1822,,,,,metric
1823,,,,,0.47358399629592896
1824,,,,,634
1825,,,,,Per-ep reward
1826,,,,,metric
1827,,,,,143.61508816480637
1828,,,,,634
1829,,,,,Megabytes sent
1830,,,,,metric
1831,,,,,50.25128197669983
1832,,,,,634
1833,,,,,Round megabytes sent
1834,,,,,metric
1835,,,,,3.55188
1836,,,,,634
1837,,,,,Chosen CW
1838,,,,,metric
1839,,,,,16.0
1840,,,,,634
1841,,,,,Station count
1842,,,,,metric
1843,,,,,6.0
1844,,,,,634
1845,,,,,Current throughput
1846,,,,,metric
1847,,,,,35.893772
1848,,,,,634
1849,,,,,Fairness index
1850,,,,,metric
1851,,,,,0.852425
1852,,,,,634
1853,,,,,Observation 0
1854,,,,,metric
1855,,,,,0.5721030888954799
1856,,,,,634
1857,,,,,actor_loss
1858,,,,,metric
1859,,,,,-0.06631369
1860,,,,,634
1861,,,,,critic_loss
1862,,,,,metric
1863,,,,,0.14343923
1864,,,,,634
1865,,,,,Observation 1
1866,,,,,metric
1867,,,,,0.09041031579611268
1868,,,,,634
1869,,,,,actor_loss
1870,,,,,metric
1871,,,,,-0.06631369
1872,,,,,634
1873,,,,,critic_loss
1874,,,,,metric
1875,,,,,0.14343923
1876,,,,,635
1877,,,,,Round reward
1878,,,,,metric
1879,,,,,0.5197509527206421
1880,,,,,635
1881,,,,,Per-ep reward
1882,,,,,metric
1883,,,,,144.134839117527
1884,,,,,635
1885,,,,,Megabytes sent
1886,,,,,metric
1887,,,,,54.1494140625
1888,,,,,635
1889,,,,,Round megabytes sent
1890,,,,,metric
1891,,,,,3.898132
1892,,,,,635
1893,,,,,Chosen CW
1894,,,,,metric
1895,,,,,51.0
1896,,,,,635
1897,,,,,Station count
1898,,,,,metric
1899,,,,,6.0
1900,,,,,635
1901,,,,,Current throughput
1902,,,,,metric
1903,,,,,36.09961
1904,,,,,635
1905,,,,,Fairness index
1906,,,,,metric
1907,,,,,0.885383
1908,,,,,635
1909,,,,,Observation 0
1910,,,,,metric
1911,,,,,0.5721354795495669
1912,,,,,635
1913,,,,,actor_loss
1914,,,,,metric
1915,,,,,-0.15470731
1916,,,,,635
1917,,,,,critic_loss
1918,,,,,metric
1919,,,,,0.09785262
1920,,,,,635
1921,,,,,Observation 1
1922,,,,,metric
1923,,,,,0.09041308347450108
1924,,,,,635
1925,,,,,actor_loss
1926,,,,,metric
1927,,,,,-0.15470731
1928,,,,,635
1929,,,,,critic_loss
1930,,,,,metric
1931,,,,,0.09785262
1932,,,,,636
1933,,,,,Round reward
1934,,,,,metric
1935,,,,,0.4691162109375
1936,,,,,636
1937,,,,,Per-ep reward
1938,,,,,metric
1939,,,,,144.6039553284645
1940,,,,,636
1941,,,,,Megabytes sent
1942,,,,,metric
1943,,,,,57.66778612136841
1944,,,,,636
1945,,,,,Round megabytes sent
1946,,,,,metric
1947,,,,,3.518372
1948,,,,,636
1949,,,,,Chosen CW
1950,,,,,metric
1951,,,,,16.0
1952,,,,,636
1953,,,,,Station count
1954,,,,,metric
1955,,,,,6.0
1956,,,,,636
1957,,,,,Current throughput
1958,,,,,metric
1959,,,,,36.042366
1960,,,,,636
1961,,,,,Fairness index
1962,,,,,metric
1963,,,,,0.911486
1964,,,,,636
1965,,,,,Observation 0
1966,,,,,metric
1967,,,,,0.5719567323724428
1968,,,,,636
1969,,,,,actor_loss
1970,,,,,metric
1971,,,,,-0.24881439
1972,,,,,636
1973,,,,,critic_loss
1974,,,,,metric
1975,,,,,0.062948175
1976,,,,,636
1977,,,,,Observation 1
1978,,,,,metric
1979,,,,,0.09046318549304859
1980,,,,,636
1981,,,,,actor_loss
1982,,,,,metric
1983,,,,,-0.24881439
1984,,,,,636
1985,,,,,critic_loss
1986,,,,,metric
1987,,,,,0.062948175
1988,,,,,637
1989,,,,,Round reward
1990,,,,,metric
1991,,,,,0.4750732481479645
1992,,,,,637
1993,,,,,Per-ep reward
1994,,,,,metric
1995,,,,,145.07902857661247
1996,,,,,637
1997,,,,,Megabytes sent
1998,,,,,metric
1999,,,,,61.23083519935608
2000,,,,,637
2001,,,,,Round megabytes sent
2002,,,,,metric
2003,,,,,3.563049
2004,,,,,637
2005,,,,,Chosen CW
2006,,,,,metric
2007,,,,,16.0
2008,,,,,637
2009,,,,,Station count
2010,,,,,metric
2011,,,,,6.0
2012,,,,,637
2013,,,,,Current throughput
2014,,,,,metric
2015,,,,,36.01814
2016,,,,,637
2017,,,,,Fairness index
2018,,,,,metric
2019,,,,,0.930336
2020,,,,,637
2021,,,,,Observation 0
2022,,,,,metric
2023,,,,,0.572026411096255
2024,,,,,637
2025,,,,,actor_loss
2026,,,,,metric
2027,,,,,-0.3398837
2028,,,,,637
2029,,,,,critic_loss
2030,,,,,metric
2031,,,,,0.05105121
2032,,,,,637
2033,,,,,Observation 1
2034,,,,,metric
2035,,,,,0.09053753402899169
2036,,,,,637
2037,,,,,actor_loss
2038,,,,,metric
2039,,,,,-0.3398837
2040,,,,,637
2041,,,,,critic_loss
2042,,,,,metric
2043,,,,,0.05105121
2044,,,,,638
2045,,,,,Round reward
2046,,,,,metric
2047,,,,,0.4825195372104645
2048,,,,,638
2049,,,,,Per-ep reward
2050,,,,,metric
2051,,,,,145.56154811382294
2052,,,,,638
2053,,,,,Megabytes sent
2054,,,,,metric
2055,,,,,64.84973120689392
2056,,,,,638
2057,,,,,Round megabytes sent
2058,,,,,metric
2059,,,,,3.618896
2060,,,,,638
2061,,,,,Chosen CW
2062,,,,,metric
2063,,,,,16.0
2064,,,,,638
2065,,,,,Station count
2066,,,,,metric
2067,,,,,6.0
2068,,,,,638
2069,,,,,Current throughput
2070,,,,,metric
2071,,,,,36.02763
2072,,,,,638
2073,,,,,Fairness index
2074,,,,,metric
2075,,,,,0.943081
2076,,,,,638
2077,,,,,Observation 0
2078,,,,,metric
2079,,,,,0.5718988273541132
2080,,,,,638
2081,,,,,actor_loss
2082,,,,,metric
2083,,,,,-0.41636515
2084,,,,,638
2085,,,,,critic_loss
2086,,,,,metric
2087,,,,,0.03287435
2088,,,,,638
2089,,,,,Observation 1
2090,,,,,metric
2091,,,,,0.09062026246590171
2092,,,,,638
2093,,,,,actor_loss
2094,,,,,metric
2095,,,,,-0.41636515
2096,,,,,638
2097,,,,,critic_loss
2098,,,,,metric
2099,,,,,0.03287435
2100,,,,,639
2101,,,,,Round reward
2102,,,,,metric
2103,,,,,0.47209471464157104
2104,,,,,639
2105,,,,,Per-ep reward
2106,,,,,metric
2107,,,,,146.0336428284645
2108,,,,,639
2109,,,,,Megabytes sent
2110,,,,,metric
2111,,,,,68.39044117927551
2112,,,,,639
2113,,,,,Round megabytes sent
2114,,,,,metric
2115,,,,,3.54071
2116,,,,,639
2117,,,,,Chosen CW
2118,,,,,metric
2119,,,,,16.0
2120,,,,,639
2121,,,,,Station count
2122,,,,,metric
2123,,,,,6.0
2124,,,,,639
2125,,,,,Current throughput
2126,,,,,metric
2127,,,,,35.99497
2128,,,,,639
2129,,,,,Fairness index
2130,,,,,metric
2131,,,,,0.953603
2132,,,,,639
2133,,,,,Observation 0
2134,,,,,metric
2135,,,,,0.5718642325202624
2136,,,,,639
2137,,,,,actor_loss
2138,,,,,metric
2139,,,,,-0.46509203
2140,,,,,639
2141,,,,,critic_loss
2142,,,,,metric
2143,,,,,0.028492186
2144,,,,,639
2145,,,,,Observation 1
2146,,,,,metric
2147,,,,,0.09072295215586004
2148,,,,,639
2149,,,,,actor_loss
2150,,,,,metric
2151,,,,,-0.46509203
2152,,,,,639
2153,,,,,critic_loss
2154,,,,,metric
2155,,,,,0.028492186
2156,,,,,1
2157,,,,,Cumulative reward
2158,,,,,metric
2159,,,,,146.0336428284645
2160,,,,,1
2161,,,,,Speed
2162,,,,,metric
2163,,,,,34.195220589637756
2164,,,,,941
2165,,,,,Round reward
2166,,,,,metric
2167,,,,,0.47954100370407104
2168,,,,,941
2169,,,,,Per-ep reward
2170,,,,,metric
2171,,,,,140.72890619933605
2172,,,,,941
2173,,,,,Megabytes sent
2174,,,,,metric
2175,,,,,3.596558094024658
2176,,,,,941
2177,,,,,Round megabytes sent
2178,,,,,metric
2179,,,,,3.596558
2180,,,,,941
2181,,,,,Chosen CW
2182,,,,,metric
2183,,,,,20.0
2184,,,,,941
2185,,,,,Station count
2186,,,,,metric
2187,,,,,5.0
2188,,,,,941
2189,,,,,Current throughput
2190,,,,,metric
2191,,,,,35.96558
2192,,,,,941
2193,,,,,Fairness index
2194,,,,,metric
2195,,,,,0.999636
2196,,,,,941
2197,,,,,Observation 0
2198,,,,,metric
2199,,,,,0.5797035222252209
2200,,,,,941
2201,,,,,actor_loss
2202,,,,,metric
2203,,,,,-0.46509203
2204,,,,,941
2205,,,,,critic_loss
2206,,,,,metric
2207,,,,,0.028492186
2208,,,,,941
2209,,,,,Observation 1
2210,,,,,metric
2211,,,,,0.1545916396917785
2212,,,,,941
2213,,,,,actor_loss
2214,,,,,metric
2215,,,,,-0.46509203
2216,,,,,941
2217,,,,,critic_loss
2218,,,,,metric
2219,,,,,0.028492186
2220,,,,,942
2221,,,,,Round reward
2222,,,,,metric
2223,,,,,0.491455078125
2224,,,,,942
2225,,,,,Per-ep reward
2226,,,,,metric
2227,,,,,141.22036127746105
2228,,,,,942
2229,,,,,Megabytes sent
2230,,,,,metric
2231,,,,,7.282471179962158
2232,,,,,942
2233,,,,,Round megabytes sent
2234,,,,,metric
2235,,,,,3.685913
2236,,,,,942
2237,,,,,Chosen CW
2238,,,,,metric
2239,,,,,16.0
2240,,,,,942
2241,,,,,Station count
2242,,,,,metric
2243,,,,,5.0
2244,,,,,942
2245,,,,,Current throughput
2246,,,,,metric
2247,,,,,36.412354
2248,,,,,942
2249,,,,,Fairness index
2250,,,,,metric
2251,,,,,0.999639
2252,,,,,942
2253,,,,,Observation 0
2254,,,,,metric
2255,,,,,0.5799891235431036
2256,,,,,942
2257,,,,,actor_loss
2258,,,,,metric
2259,,,,,-0.46509203
2260,,,,,942
2261,,,,,critic_loss
2262,,,,,metric
2263,,,,,0.028492186
2264,,,,,942
2265,,,,,Observation 1
2266,,,,,metric
2267,,,,,0.15519220283553706
2268,,,,,942
2269,,,,,actor_loss
2270,,,,,metric
2271,,,,,-0.46509203
2272,,,,,942
2273,,,,,critic_loss
2274,,,,,metric
2275,,,,,0.028492186
2276,,,,,943
2277,,,,,Round reward
2278,,,,,metric
2279,,,,,0.4452880918979645
2280,,,,,943
2281,,,,,Per-ep reward
2282,,,,,metric
2283,,,,,141.66564936935902
2284,,,,,943
2285,,,,,Megabytes sent
2286,,,,,metric
2287,,,,,10.622132062911987
2288,,,,,943
2289,,,,,Round megabytes sent
2290,,,,,metric
2291,,,,,3.339661
2292,,,,,943
2293,,,,,Chosen CW
2294,,,,,metric
2295,,,,,16.0
2296,,,,,943
2297,,,,,Station count
2298,,,,,metric
2299,,,,,5.0
2300,,,,,943
2301,,,,,Current throughput
2302,,,,,metric
2303,,,,,35.407104
2304,,,,,943
2305,,,,,Fairness index
2306,,,,,metric
2307,,,,,0.999647
2308,,,,,943
2309,,,,,Observation 0
2310,,,,,metric
2311,,,,,0.580364783803622
2312,,,,,943
2313,,,,,actor_loss
2314,,,,,metric
2315,,,,,-0.46509203
2316,,,,,943
2317,,,,,critic_loss
2318,,,,,metric
2319,,,,,0.028492186
2320,,,,,943
2321,,,,,Observation 1
2322,,,,,metric
2323,,,,,0.1557169998164431
2324,,,,,943
2325,,,,,actor_loss
2326,,,,,metric
2327,,,,,-0.46509203
2328,,,,,943
2329,,,,,critic_loss
2330,,,,,metric
2331,,,,,0.028492186
2332,,,,,944
2333,,,,,Round reward
2334,,,,,metric
2335,,,,,0.47209471464157104
2336,,,,,944
2337,,,,,Per-ep reward
2338,,,,,metric
2339,,,,,142.1377440840006
2340,,,,,944
2341,,,,,Megabytes sent
2342,,,,,metric
2343,,,,,14.162842035293579
2344,,,,,944
2345,,,,,Round megabytes sent
2346,,,,,metric
2347,,,,,3.54071
2348,,,,,944
2349,,,,,Chosen CW
2350,,,,,metric
2351,,,,,16.0
2352,,,,,944
2353,,,,,Station count
2354,,,,,metric
2355,,,,,5.0
2356,,,,,944
2357,,,,,Current throughput
2358,,,,,metric
2359,,,,,35.407104
2360,,,,,944
2361,,,,,Fairness index
2362,,,,,metric
2363,,,,,0.999653
2364,,,,,944
2365,,,,,Observation 0
2366,,,,,metric
2367,,,,,0.5808276021480561
2368,,,,,944
2369,,,,,actor_loss
2370,,,,,metric
2371,,,,,-0.46509203
2372,,,,,944
2373,,,,,critic_loss
2374,,,,,metric
2375,,,,,0.028492186
2376,,,,,944
2377,,,,,Observation 1
2378,,,,,metric
2379,,,,,0.15615650150796254
2380,,,,,944
2381,,,,,actor_loss
2382,,,,,metric
2383,,,,,-0.46509203
2384,,,,,944
2385,,,,,critic_loss
2386,,,,,metric
2387,,,,,0.028492186
2388,,,,,945
2389,,,,,Round reward
2390,,,,,metric
2391,,,,,0.524218738079071
2392,,,,,945
2393,,,,,Per-ep reward
2394,,,,,metric
2395,,,,,142.66196282207966
2396,,,,,945
2397,,,,,Megabytes sent
2398,,,,,metric
2399,,,,,18.094483137130737
2400,,,,,945
2401,,,,,Round megabytes sent
2402,,,,,metric
2403,,,,,3.931641
2404,,,,,945
2405,,,,,Chosen CW
2406,,,,,metric
2407,,,,,34.0
2408,,,,,945
2409,,,,,Station count
2410,,,,,metric
2411,,,,,5.0
2412,,,,,945
2413,,,,,Current throughput
2414,,,,,metric
2415,,,,,36.188965
2416,,,,,945
2417,,,,,Fairness index
2418,,,,,metric
2419,,,,,0.99966
2420,,,,,945
2421,,,,,Observation 0
2422,,,,,metric
2423,,,,,0.5809488423665364
2424,,,,,945
2425,,,,,actor_loss
2426,,,,,metric
2427,,,,,-0.46509203
2428,,,,,945
2429,,,,,critic_loss
2430,,,,,metric
2431,,,,,0.028492186
2432,,,,,945
2433,,,,,Observation 1
2434,,,,,metric
2435,,,,,0.1566702134009299
2436,,,,,945
2437,,,,,actor_loss
2438,,,,,metric
2439,,,,,-0.46509203
2440,,,,,945
2441,,,,,critic_loss
2442,,,,,metric
2443,,,,,0.028492186
2444,,,,,946
2445,,,,,Round reward
2446,,,,,metric
2447,,,,,0.47954100370407104
2448,,,,,946
2449,,,,,Per-ep reward
2450,,,,,metric
2451,,,,,143.14150382578373
2452,,,,,946
2453,,,,,Megabytes sent
2454,,,,,metric
2455,,,,,21.691041231155396
2456,,,,,946
2457,,,,,Round megabytes sent
2458,,,,,metric
2459,,,,,3.596558
2460,,,,,946
2461,,,,,Chosen CW
2462,,,,,metric
2463,,,,,16.0
2464,,,,,946
2465,,,,,Station count
2466,,,,,metric
2467,,,,,5.0
2468,,,,,946
2469,,,,,Current throughput
2470,,,,,metric
2471,,,,,36.151733
2472,,,,,946
2473,,,,,Fairness index
2474,,,,,metric
2475,,,,,0.99966
2476,,,,,946
2477,,,,,Observation 0
2478,,,,,metric
2479,,,,,0.5811951597531636
2480,,,,,946
2481,,,,,actor_loss
2482,,,,,metric
2483,,,,,-0.46509203
2484,,,,,946
2485,,,,,critic_loss
2486,,,,,metric
2487,,,,,0.028492186
2488,,,,,946
2489,,,,,Observation 1
2490,,,,,metric
2491,,,,,0.15718996612667166
2492,,,,,946
2493,,,,,actor_loss
2494,,,,,metric
2495,,,,,-0.46509203
2496,,,,,946
2497,,,,,critic_loss
2498,,,,,metric
2499,,,,,0.028492186
2500,,,,,947
2501,,,,,Round reward
2502,,,,,metric
2503,,,,,0.510815441608429
2504,,,,,947
2505,,,,,Per-ep reward
2506,,,,,metric
2507,,,,,143.65231926739216
2508,,,,,947
2509,,,,,Megabytes sent
2510,,,,,metric
2511,,,,,25.522157192230225
2512,,,,,947
2513,,,,,Round megabytes sent
2514,,,,,metric
2515,,,,,3.831116
2516,,,,,947
2517,,,,,Chosen CW
2518,,,,,metric
2519,,,,,31.0
2520,,,,,947
2521,,,,,Station count
2522,,,,,metric
2523,,,,,5.0
2524,,,,,947
2525,,,,,Current throughput
2526,,,,,metric
2527,,,,,36.460224
2528,,,,,947
2529,,,,,Fairness index
2530,,,,,metric
2531,,,,,0.999663
2532,,,,,947
2533,,,,,Observation 0
2534,,,,,metric
2535,,,,,0.5816662152608235
2536,,,,,947
2537,,,,,actor_loss
2538,,,,,metric
2539,,,,,-0.46509203
2540,,,,,947
2541,,,,,critic_loss
2542,,,,,metric
2543,,,,,0.028492186
2544,,,,,947
2545,,,,,Observation 1
2546,,,,,metric
2547,,,,,0.15741837142441503
2548,,,,,947
2549,,,,,actor_loss
2550,,,,,metric
2551,,,,,-0.46509203
2552,,,,,947
2553,,,,,critic_loss
2554,,,,,metric
2555,,,,,0.028492186
2556,,,,,948
2557,,,,,Round reward
2558,,,,,metric
2559,,,,,0.47954100370407104
2560,,,,,948
2561,,,,,Per-ep reward
2562,,,,,metric
2563,,,,,144.13186027109623
2564,,,,,948
2565,,,,,Megabytes sent
2566,,,,,metric
2567,,,,,29.118715286254883
2568,,,,,948
2569,,,,,Round megabytes sent
2570,,,,,metric
2571,,,,,3.596558
2572,,,,,948
2573,,,,,Chosen CW
2574,,,,,metric
2575,,,,,18.0
2576,,,,,948
2577,,,,,Station count
2578,,,,,metric
2579,,,,,5.0
2580,,,,,948
2581,,,,,Current throughput
2582,,,,,metric
2583,,,,,36.39839
2584,,,,,948
2585,,,,,Fairness index
2586,,,,,metric
2587,,,,,0.999658
2588,,,,,948
2589,,,,,Observation 0
2590,,,,,metric
2591,,,,,0.5784334712227186
2592,,,,,948
2593,,,,,actor_loss
2594,,,,,metric
2595,,,,,-0.46509203
2596,,,,,948
2597,,,,,critic_loss
2598,,,,,metric
2599,,,,,0.028492186
2600,,,,,948
2601,,,,,Observation 1
2602,,,,,metric
2603,,,,,0.18309929871402006
2604,,,,,948
2605,,,,,actor_loss
2606,,,,,metric
2607,,,,,-0.46509203
2608,,,,,948
2609,,,,,critic_loss
2610,,,,,metric
2611,,,,,0.028492186
2612,,,,,949
2613,,,,,Round reward
2614,,,,,metric
2615,,,,,0.4333740174770355
2616,,,,,949
2617,,,,,Per-ep reward
2618,,,,,metric
2619,,,,,144.56523428857327
2620,,,,,949
2621,,,,,Megabytes sent
2622,,,,,metric
2623,,,,,32.369020223617554
2624,,,,,949
2625,,,,,Round megabytes sent
2626,,,,,metric
2627,,,,,3.250305
2628,,,,,949
2629,,,,,Chosen CW
2630,,,,,metric
2631,,,,,153.0
2632,,,,,949
2633,,,,,Station count
2634,,,,,metric
2635,,,,,6.0
2636,,,,,949
2637,,,,,Current throughput
2638,,,,,metric
2639,,,,,35.965576
2640,,,,,949
2641,,,,,Fairness index
2642,,,,,metric
2643,,,,,0.280477
2644,,,,,949
2645,,,,,Observation 0
2646,,,,,metric
2647,,,,,0.5784735193848609
2648,,,,,949
2649,,,,,actor_loss
2650,,,,,metric
2651,,,,,-0.46509203
2652,,,,,949
2653,,,,,critic_loss
2654,,,,,metric
2655,,,,,0.028492186
2656,,,,,949
2657,,,,,Observation 1
2658,,,,,metric
2659,,,,,0.18312237033683193
2660,,,,,949
2661,,,,,actor_loss
2662,,,,,metric
2663,,,,,-0.46509203
2664,,,,,949
2665,,,,,critic_loss
2666,,,,,metric
2667,,,,,0.028492186
2668,,,,,950
2669,,,,,Round reward
2670,,,,,metric
2671,,,,,0.510815441608429
2672,,,,,950
2673,,,,,Per-ep reward
2674,,,,,metric
2675,,,,,145.0760497301817
2676,,,,,950
2677,,,,,Megabytes sent
2678,,,,,metric
2679,,,,,36.20013618469238
2680,,,,,950
2681,,,,,Round megabytes sent
2682,,,,,metric
2683,,,,,3.831116
2684,,,,,950
2685,,,,,Chosen CW
2686,,,,,metric
2687,,,,,77.0
2688,,,,,950
2689,,,,,Station count
2690,,,,,metric
2691,,,,,6.0
2692,,,,,950
2693,,,,,Current throughput
2694,,,,,metric
2695,,,,,36.200134
2696,,,,,950
2697,,,,,Fairness index
2698,,,,,metric
2699,,,,,0.498824
2700,,,,,950
2701,,,,,Observation 0
2702,,,,,metric
2703,,,,,0.5783176764845849
2704,,,,,950
2705,,,,,actor_loss
2706,,,,,metric
2707,,,,,-0.46509203
2708,,,,,950
2709,,,,,critic_loss
2710,,,,,metric
2711,,,,,0.028492186
2712,,,,,950
2713,,,,,Observation 1
2714,,,,,metric
2715,,,,,0.18314502962827975
2716,,,,,950
2717,,,,,actor_loss
2718,,,,,metric
2719,,,,,-0.46509203
2720,,,,,950
2721,,,,,critic_loss
2722,,,,,metric
2723,,,,,0.028492186
2724,,,,,951
2725,,,,,Round reward
2726,,,,,metric
2727,,,,,0.48847657442092896
2728,,,,,951
2729,,,,,Per-ep reward
2730,,,,,metric
2731,,,,,145.56452630460262
2732,,,,,951
2733,,,,,Megabytes sent
2734,,,,,metric
2735,,,,,39.863710165023804
2736,,,,,951
2737,,,,,Round megabytes sent
2738,,,,,metric
2739,,,,,3.663574
2740,,,,,951
2741,,,,,Chosen CW
2742,,,,,metric
2743,,,,,16.0
2744,,,,,951
2745,,,,,Station count
2746,,,,,metric
2747,,,,,6.0
2748,,,,,951
2749,,,,,Current throughput
2750,,,,,metric
2751,,,,,36.239735
2752,,,,,951
2753,,,,,Fairness index
2754,,,,,metric
2755,,,,,0.652927
2756,,,,,951
2757,,,,,Observation 0
2758,,,,,metric
2759,,,,,0.5780466283361116
2760,,,,,951
2761,,,,,actor_loss
2762,,,,,metric
2763,,,,,-0.46509203
2764,,,,,951
2765,,,,,critic_loss
2766,,,,,metric
2767,,,,,0.028492186
2768,,,,,951
2769,,,,,Observation 1
2770,,,,,metric
2771,,,,,0.18317080222933266
2772,,,,,951
2773,,,,,actor_loss
2774,,,,,metric
2775,,,,,-0.46509203
2776,,,,,951
2777,,,,,critic_loss
2778,,,,,metric
2779,,,,,0.028492186
2780,,,,,952
2781,,,,,Round reward
2782,,,,,metric
2783,,,,,0.5123046636581421
2784,,,,,952
2785,,,,,Per-ep reward
2786,,,,,metric
2787,,,,,146.07683096826077
2788,,,,,952
2789,,,,,Megabytes sent
2790,,,,,metric
2791,,,,,43.705995082855225
2792,,,,,952
2793,,,,,Round megabytes sent
2794,,,,,metric
2795,,,,,3.842285
2796,,,,,952
2797,,,,,Chosen CW
2798,,,,,metric
2799,,,,,31.0
2800,,,,,952
2801,,,,,Station count
2802,,,,,metric
2803,,,,,6.0
2804,,,,,952
2805,,,,,Current throughput
2806,,,,,metric
2807,,,,,36.42166
2808,,,,,952
2809,,,,,Fairness index
2810,,,,,metric
2811,,,,,0.753526
2812,,,,,952
2813,,,,,Observation 0
2814,,,,,metric
2815,,,,,0.5779458279410998
2816,,,,,952
2817,,,,,actor_loss
2818,,,,,metric
2819,,,,,-0.46509203
2820,,,,,952
2821,,,,,critic_loss
2822,,,,,metric
2823,,,,,0.028492186
2824,,,,,952
2825,,,,,Observation 1
2826,,,,,metric
2827,,,,,0.1831862658795641
2828,,,,,952
2829,,,,,actor_loss
2830,,,,,metric
2831,,,,,-0.46509203
2832,,,,,952
2833,,,,,critic_loss
2834,,,,,metric
2835,,,,,0.028492186
2836,,,,,953
2837,,,,,Round reward
2838,,,,,metric
2839,,,,,0.47954100370407104
2840,,,,,953
2841,,,,,Per-ep reward
2842,,,,,metric
2843,,,,,146.55637197196484
2844,,,,,953
2845,,,,,Megabytes sent
2846,,,,,metric
2847,,,,,47.30255317687988
2848,,,,,953
2849,,,,,Round megabytes sent
2850,,,,,metric
2851,,,,,3.596558
2852,,,,,953
2853,,,,,Chosen CW
2854,,,,,metric
2855,,,,,16.0
2856,,,,,953
2857,,,,,Station count
2858,,,,,metric
2859,,,,,6.0
2860,,,,,953
2861,,,,,Current throughput
2862,,,,,metric
2863,,,,,36.386578
2864,,,,,953
2865,,,,,Fairness index
2866,,,,,metric
2867,,,,,0.818709
2868,,,,,953
2869,,,,,Observation 0
2870,,,,,metric
2871,,,,,0.5779943644007047
2872,,,,,953
2873,,,,,actor_loss
2874,,,,,metric
2875,,,,,-0.46509203
2876,,,,,953
2877,,,,,critic_loss
2878,,,,,metric
2879,,,,,0.028492186
2880,,,,,953
2881,,,,,Observation 1
2882,,,,,metric
2883,,,,,0.18319120675368575
2884,,,,,953
2885,,,,,actor_loss
2886,,,,,metric
2887,,,,,-0.46509203
2888,,,,,953
2889,,,,,critic_loss
2890,,,,,metric
2891,,,,,0.028492186
2892,,,,,954
2893,,,,,Round reward
2894,,,,,metric
2895,,,,,0.4691162109375
2896,,,,,954
2897,,,,,Per-ep reward
2898,,,,,metric
2899,,,,,147.02548818290234
2900,,,,,954
2901,,,,,Megabytes sent
2902,,,,,metric
2903,,,,,50.82092523574829
2904,,,,,954
2905,,,,,Round megabytes sent
2906,,,,,metric
2907,,,,,3.518372
2908,,,,,954
2909,,,,,Chosen CW
2910,,,,,metric
2911,,,,,25.0
2912,,,,,954
2913,,,,,Station count
2914,,,,,metric
2915,,,,,6.0
2916,,,,,954
2917,,,,,Current throughput
2918,,,,,metric
2919,,,,,36.30066
2920,,,,,954
2921,,,,,Fairness index
2922,,,,,metric
2923,,,,,0.865378
2924,,,,,954
2925,,,,,Observation 0
2926,,,,,metric
2927,,,,,0.5779747385780016
2928,,,,,954
2929,,,,,actor_loss
2930,,,,,metric
2931,,,,,-0.46509203
2932,,,,,954
2933,,,,,critic_loss
2934,,,,,metric
2935,,,,,0.028492186
2936,,,,,954
2937,,,,,Observation 1
2938,,,,,metric
2939,,,,,0.1831933861633524
2940,,,,,954
2941,,,,,actor_loss
2942,,,,,metric
2943,,,,,-0.46509203
2944,,,,,954
2945,,,,,critic_loss
2946,,,,,metric
2947,,,,,0.028492186
2948,,,,,955
2949,,,,,Round reward
2950,,,,,metric
2951,,,,,0.47358399629592896
2952,,,,,955
2953,,,,,Per-ep reward
2954,,,,,metric
2955,,,,,147.49907217919827
2956,,,,,955
2957,,,,,Megabytes sent
2958,,,,,metric
2959,,,,,54.37280511856079
2960,,,,,955
2961,,,,,Round megabytes sent
2962,,,,,metric
2963,,,,,3.55188
2964,,,,,955
2965,,,,,Chosen CW
2966,,,,,metric
2967,,,,,16.0
2968,,,,,955
2969,,,,,Station count
2970,,,,,metric
2971,,,,,6.0
2972,,,,,955
2973,,,,,Current throughput
2974,,,,,metric
2975,,,,,36.248535
2976,,,,,955
2977,,,,,Fairness index
2978,,,,,metric
2979,,,,,0.899373
2980,,,,,955
2981,,,,,Observation 0
2982,,,,,metric
2983,,,,,0.5778394347429276
2984,,,,,955
2985,,,,,actor_loss
2986,,,,,metric
2987,,,,,-0.46509203
2988,,,,,955
2989,,,,,critic_loss
2990,,,,,metric
2991,,,,,0.028492186
2992,,,,,955
2993,,,,,Observation 1
2994,,,,,metric
2995,,,,,0.18320002495413945
2996,,,,,955
2997,,,,,actor_loss
2998,,,,,metric
2999,,,,,-0.46509203
3000,,,,,955
3001,,,,,critic_loss
3002,,,,,metric
3003,,,,,0.028492186
3004,,,,,956
3005,,,,,Round reward
3006,,,,,metric
3007,,,,,0.4780517518520355
3008,,,,,956
3009,,,,,Per-ep reward
3010,,,,,metric
3011,,,,,147.9771239310503
3012,,,,,956
3013,,,,,Megabytes sent
3014,,,,,metric
3015,,,,,57.95819306373596
3016,,,,,956
3017,,,,,Round megabytes sent
3018,,,,,metric
3019,,,,,3.585388
3020,,,,,956
3021,,,,,Chosen CW
3022,,,,,metric
3023,,,,,16.0
3024,,,,,956
3025,,,,,Station count
3026,,,,,metric
3027,,,,,6.0
3028,,,,,956
3029,,,,,Current throughput
3030,,,,,metric
3031,,,,,36.22387
3032,,,,,956
3033,,,,,Fairness index
3034,,,,,metric
3035,,,,,0.92339
3036,,,,,956
3037,,,,,Observation 0
3038,,,,,metric
3039,,,,,0.5782682738701502
3040,,,,,956
3041,,,,,actor_loss
3042,,,,,metric
3043,,,,,-0.46509203
3044,,,,,956
3045,,,,,critic_loss
3046,,,,,metric
3047,,,,,0.028492186
3048,,,,,956
3049,,,,,Observation 1
3050,,,,,metric
3051,,,,,0.1831865160302359
3052,,,,,956
3053,,,,,actor_loss
3054,,,,,metric
3055,,,,,-0.46509203
3056,,,,,956
3057,,,,,critic_loss
3058,,,,,metric
3059,,,,,0.028492186
3060,,,,,957
3061,,,,,Round reward
3062,,,,,metric
3063,,,,,0.4929443299770355
3064,,,,,957
3065,,,,,Per-ep reward
3066,,,,,metric
3067,,,,,148.47006826102734
3068,,,,,957
3069,,,,,Megabytes sent
3070,,,,,metric
3071,,,,,61.65527606010437
3072,,,,,957
3073,,,,,Round megabytes sent
3074,,,,,metric
3075,,,,,3.697083
3076,,,,,957
3077,,,,,Chosen CW
3078,,,,,metric
3079,,,,,16.0
3080,,,,,957
3081,,,,,Station count
3082,,,,,metric
3083,,,,,6.0
3084,,,,,957
3085,,,,,Current throughput
3086,,,,,metric
3087,,,,,36.267807
3088,,,,,957
3089,,,,,Fairness index
3090,,,,,metric
3091,,,,,0.939787
3092,,,,,957
3093,,,,,Observation 0
3094,,,,,metric
3095,,,,,0.5783216302593549
3096,,,,,957
3097,,,,,actor_loss
3098,,,,,metric
3099,,,,,-0.46509203
3100,,,,,957
3101,,,,,critic_loss
3102,,,,,metric
3103,,,,,0.028492186
3104,,,,,957
3105,,,,,Observation 1
3106,,,,,metric
3107,,,,,0.18322925757519912
3108,,,,,957
3109,,,,,actor_loss
3110,,,,,metric
3111,,,,,-0.46509203
3112,,,,,957
3113,,,,,critic_loss
3114,,,,,metric
3115,,,,,0.028492186
3116,,,,,958
3117,,,,,Round reward
3118,,,,,metric
3119,,,,,0.49592286348342896
3120,,,,,958
3121,,,,,Per-ep reward
3122,,,,,metric
3123,,,,,148.96599112451077
3124,,,,,958
3125,,,,,Megabytes sent
3126,,,,,metric
3127,,,,,65.37469696998596
3128,,,,,958
3129,,,,,Round megabytes sent
3130,,,,,metric
3131,,,,,3.719421
3132,,,,,958
3133,,,,,Chosen CW
3134,,,,,metric
3135,,,,,21.0
3136,,,,,958
3137,,,,,Station count
3138,,,,,metric
3139,,,,,6.0
3140,,,,,958
3141,,,,,Current throughput
3142,,,,,metric
3143,,,,,36.319275
3144,,,,,958
3145,,,,,Fairness index
3146,,,,,metric
3147,,,,,0.950714
3148,,,,,958
3149,,,,,Observation 0
3150,,,,,metric
3151,,,,,0.5784845232963561
3152,,,,,958
3153,,,,,actor_loss
3154,,,,,metric
3155,,,,,-0.46509203
3156,,,,,958
3157,,,,,critic_loss
3158,,,,,metric
3159,,,,,0.028492186
3160,,,,,958
3161,,,,,Observation 1
3162,,,,,metric
3163,,,,,0.183246265940672
3164,,,,,958
3165,,,,,actor_loss
3166,,,,,metric
3167,,,,,-0.46509203
3168,,,,,958
3169,,,,,critic_loss
3170,,,,,metric
3171,,,,,0.028492186
3172,,,,,959
3173,,,,,Round reward
3174,,,,,metric
3175,,,,,0.40656739473342896
3176,,,,,959
3177,,,,,Per-ep reward
3178,,,,,metric
3179,,,,,149.3725585192442
3180,,,,,959
3181,,,,,Megabytes sent
3182,,,,,metric
3183,,,,,68.42395186424255
3184,,,,,959
3185,,,,,Round megabytes sent
3186,,,,,metric
3187,,,,,3.049255
3188,,,,,959
3189,,,,,Chosen CW
3190,,,,,metric
3191,,,,,206.0
3192,,,,,959
3193,,,,,Station count
3194,,,,,metric
3195,,,,,6.0
3196,,,,,959
3197,,,,,Current throughput
3198,,,,,metric
3199,,,,,36.012604
3200,,,,,959
3201,,,,,Fairness index
3202,,,,,metric
3203,,,,,0.96224
3204,,,,,959
3205,,,,,Observation 0
3206,,,,,metric
3207,,,,,0.5790773463249206
3208,,,,,959
3209,,,,,actor_loss
3210,,,,,metric
3211,,,,,-0.46509203
3212,,,,,959
3213,,,,,critic_loss
3214,,,,,metric
3215,,,,,0.028492186
3216,,,,,959
3217,,,,,Observation 1
3218,,,,,metric
3219,,,,,0.18319869346242218
3220,,,,,959
3221,,,,,actor_loss
3222,,,,,metric
3223,,,,,-0.46509203
3224,,,,,959
3225,,,,,critic_loss
3226,,,,,metric
3227,,,,,0.028492186
3228,,,,,2
3229,,,,,Cumulative reward
3230,,,,,metric
3231,,,,,149.3725585192442
3232,,,,,2
3233,,,,,Speed
3234,,,,,metric
3235,,,,,34.21197593212128
